rank	motif_DB	motif_ID	motif_alt_ID	consensus	p-value	adj_p-value	E-value	tests	FASTA_max	pos	neg	PWM_min	TP	%TP	FP	%FP
1	db/HUMAN/HOCOMOCOv11_core_HUMAN_mono_meme_format.meme	CTCF_HUMAN.H11MO.0.A		YGGCCACCAGRKGGCRSYV	5.87e-924	3.46e-920	1.39e-917	5888	22650	22650	22650	13.6	4064	17.94	292	1.29
2	db/HUMAN/HOCOMOCOv11_core_HUMAN_mono_meme_format.meme	CTCFL_HUMAN.H11MO.0.A		GCCDSYAGGGGGCGCYV	1.42e-697	1.04e-693	4.18e-691	7349	22650	22650	22650	13.1	3925	17.33	532	2.35
3	db/HUMAN/HOCOMOCOv11_core_HUMAN_mono_meme_format.meme	NFAC1_HUMAN.H11MO.0.B		AWGGAAARWVWGAMW	3.65e-129	5.08e-125	2.04e-122	13914	22650	22650	22650	1.13	8120	35.85	5754	25.40
4	db/HUMAN/HOCOMOCOv11_core_HUMAN_mono_meme_format.meme	ETS2_HUMAN.H11MO.0.B		RDVRGGAARVRRR	6.54e-109	1.10e-104	4.41e-102	16763	22650	22650	22650	1.09	9420	41.59	7152	31.58
5	db/HUMAN/HOCOMOCOv11_core_HUMAN_mono_meme_format.meme	ETV5_HUMAN.H11MO.0.C		RRRSAGGAARDGRV	2.97e-104	4.57e-100	1.84e-97	15405	22650	22650	22650	1.26	8197	36.19	6059	26.75
6	db/HUMAN/HOCOMOCOv11_core_HUMAN_mono_meme_format.meme	TAF1_HUMAN.H11MO.0.A		RARRWGGCGGMGGMGR	1.61e-94	1.72e-90	6.91e-88	10712	22650	22650	22650	1.48	5710	25.21	3920	17.31
7	db/HUMAN/HOCOMOCOv11_core_HUMAN_mono_meme_format.meme	PRDM6_HUMAN.H11MO.0.C		RRRARGAAAAAAA	4.69e-93	6.30e-89	2.53e-86	13438	22650	22650	22650	2.25	5736	25.32	3956	17.47
8	db/HUMAN/HOCOMOCOv11_core_HUMAN_mono_meme_format.meme	BC11A_HUMAN.H11MO.0.A		RAAAGAGGAAGTGARAV	8.82e-93	1.16e-88	4.66e-86	13143	22650	22650	22650	1.33	7257	32.04	5315	23.47
9	db/HUMAN/HOCOMOCOv11_core_HUMAN_mono_meme_format.meme	IRF3_HUMAN.H11MO.0.B		RAAARGGAAAVDGAAASDGA	5.56e-82	3.87e-78	1.55e-75	6958	22650	22650	22650	1.64	4172	18.42	2713	11.98
10	db/HUMAN/HOCOMOCOv11_core_HUMAN_mono_meme_format.meme	FLI1_HUMAN.H11MO.0.A		SRRGGMAGGAAGGRRRGR	1.04e-81	7.62e-78	3.06e-75	7324	22650	22650	22650	1.33	4396	19.41	2904	12.82
11	db/HUMAN/HOCOMOCOv11_core_HUMAN_mono_meme_format.meme	LYL1_HUMAN.H11MO.0.A		CCAKCTGYTYYCTB	7.56e-79	1.44e-74	5.80e-72	19105	22650	22650	22650	1.23	9799	43.26	7852	34.67
12	db/HUMAN/HOCOMOCOv11_core_HUMAN_mono_meme_format.meme	ZBT17_HUMAN.H11MO.0.A		SRRGGWGGGGGAGGGGMRR	4.67e-76	5.22e-72	2.10e-69	11186	22650	22650	22650	5.24	3845	16.98	2489	10.99
13	db/HUMAN/HOCOMOCOv11_core_HUMAN_mono_meme_format.meme	E2F7_HUMAN.H11MO.0.B		GDGGCGGGAARDR	7.58e-76	8.75e-72	3.52e-69	11541	22650	22650	22650	2.1	4922	21.73	3408	15.05
14	db/HUMAN/HOCOMOCOv11_core_HUMAN_mono_meme_format.meme	ETV4_HUMAN.H11MO.0.B		VRCAGGAARBR	1.40e-75	1.96e-71	7.86e-69	13924	22650	22650	22650	1.07	7820	34.53	6021	26.58
15	db/HUMAN/HOCOMOCOv11_core_HUMAN_mono_meme_format.meme	ERG_HUMAN.H11MO.0.A		RRRSAGGAAGYGG	1.69e-72	1.35e-68	5.44e-66	7990	22650	22650	22650	1.52	4120	18.19	2751	12.15
16	db/HUMAN/HOCOMOCOv11_core_HUMAN_mono_meme_format.meme	FOXK1_HUMAN.H11MO.0.A		TGTTTMCHTT	5.27e-72	7.17e-68	2.88e-65	13587	22650	22650	22650	1.15	7245	31.99	5531	24.42
17	db/HUMAN/HOCOMOCOv11_core_HUMAN_mono_meme_format.meme	ELF5_HUMAN.H11MO.0.A		VGRASSAGGAAGTRV	9.91e-68	5.78e-64	2.32e-61	5836	22650	22650	22650	1.25	3434	15.16	2217	9.79
18	db/HUMAN/HOCOMOCOv11_core_HUMAN_mono_meme_format.meme	KLF15_HUMAN.H11MO.0.A		RGGGMGGRGVDGGGGGRGG	6.48e-66	3.83e-62	1.54e-59	5907	22650	22650	22650	1.9	3395	14.99	2200	9.71
19	db/HUMAN/HOCOMOCOv11_core_HUMAN_mono_meme_format.meme	FEV_HUMAN.H11MO.0.B		GCVGGAAGYG	1.64e-65	3.01e-61	1.21e-58	18390	22650	22650	22650	1.12	9602	42.39	7836	34.60
20	db/HUMAN/HOCOMOCOv11_core_HUMAN_mono_meme_format.meme	ZN341_HUMAN.H11MO.0.C		GRGGRRRRGGRGRRGGAASAGC	4.94e-65	4.80e-61	1.93e-58	9718	22650	22650	22650	2.03	5433	23.99	3968	17.52
21	db/HUMAN/HOCOMOCOv11_core_HUMAN_mono_meme_format.meme	VEZF1_HUMAN.H11MO.0.C		GGRRRRGRRGGAGGGGGRGRRR	5.56e-64	5.25e-60	2.11e-57	9438	22650	22650	22650	1.97	5420	23.93	3968	17.52
22	db/HUMAN/HOCOMOCOv11_core_HUMAN_mono_meme_format.meme	BHA15_HUMAN.H11MO.0.B		SSAGCAGCTGG	1.37e-63	9.55e-60	3.84e-57	6948	22650	22650	22650	1.46	3649	16.11	2433	10.74
23	db/HUMAN/HOCOMOCOv11_core_HUMAN_mono_meme_format.meme	SMAD3_HUMAN.H11MO.0.B		SYCTSHCWSCWS	5.87e-64	1.23e-59	4.95e-57	20981	22650	22650	22650	1.07	11332	50.03	9545	42.14
24	db/HUMAN/HOCOMOCOv11_core_HUMAN_mono_meme_format.meme	STAT2_HUMAN.H11MO.0.A		RRGRAAAHGAAACTGAAAV	6.34e-61	2.43e-57	9.77e-55	3834	22650	22650	22650	1.83	2250	9.93	1313	5.80
25	db/HUMAN/HOCOMOCOv11_core_HUMAN_mono_meme_format.meme	FOXP1_HUMAN.H11MO.0.A		TBTGTTTMY	4.35e-61	5.75e-57	2.31e-54	13211	22650	22650	22650	1.29	6549	28.91	5023	22.18
26	db/HUMAN/HOCOMOCOv11_core_HUMAN_mono_meme_format.meme	NFKB1_HUMAN.H11MO.0.A		AGGGAAAK	3.11e-60	5.02e-56	2.02e-53	16153	22650	22650	22650	1.13	8602	37.98	6952	30.69
27	db/HUMAN/HOCOMOCOv11_core_HUMAN_mono_meme_format.meme	SP4_HUMAN.H11MO.0.A		SRGVARGRGGCGGRGCHDRR	3.88e-58	3.67e-54	1.48e-51	9479	22650	22650	22650	1.78	5104	22.53	3752	16.57
28	db/HUMAN/HOCOMOCOv11_core_HUMAN_mono_meme_format.meme	ZN263_HUMAN.H11MO.0.A		GGGAGGAGGRRGRGGRGGRR	8.27e-58	5.30e-54	2.13e-51	6409	22650	22650	22650	2.6	3281	14.49	2176	9.61
29	db/HUMAN/HOCOMOCOv11_core_HUMAN_mono_meme_format.meme	MAZ_HUMAN.H11MO.0.A		GGGGGAGGGGGDGRGRRRGRRG	1.75e-57	1.46e-53	5.85e-51	8328	22650	22650	22650	2.15	4712	20.80	3412	15.06
30	db/HUMAN/HOCOMOCOv11_core_HUMAN_mono_meme_format.meme	ITF2_HUMAN.H11MO.0.C		DGCAGSTGKS	5.22e-57	7.28e-53	2.93e-50	13930	22650	22650	22650	2.32	5168	22.82	3822	16.87
31	db/HUMAN/HOCOMOCOv11_core_HUMAN_mono_meme_format.meme	NFAC2_HUMAN.H11MO.0.B		TGGAAAAWY	4.32e-56	3.98e-52	1.60e-49	9216	22650	22650	22650	1.06	5279	23.31	3932	17.36
32	db/HUMAN/HOCOMOCOv11_core_HUMAN_mono_meme_format.meme	WT1_HUMAN.H11MO.0.C		RGGVGGGGGAGGRGGVGGRG	6.59e-56	4.00e-52	1.61e-49	6066	22650	22650	22650	2.98	3135	13.84	2071	9.14
33	db/HUMAN/HOCOMOCOv11_core_HUMAN_mono_meme_format.meme	E2F6_HUMAN.H11MO.0.A		DGGGCGGGARRVR	1.94e-54	2.06e-50	8.30e-48	10636	22650	22650	22650	1.53	5169	22.82	3853	17.01
34	db/HUMAN/HOCOMOCOv11_core_HUMAN_mono_meme_format.meme	TFE2_HUMAN.H11MO.0.A		SMCAGCTGCWB	2.85e-53	1.54e-49	6.19e-47	5399	22650	22650	22650	1.2	3117	13.76	2080	9.18
35	db/HUMAN/HOCOMOCOv11_core_HUMAN_mono_meme_format.meme	E2F4_HUMAN.H11MO.0.A		SRGGGCGGGAARD	2.37e-53	1.73e-49	6.94e-47	7279	22650	22650	22650	1.14	4206	18.57	3013	13.30
36	db/HUMAN/HOCOMOCOv11_core_HUMAN_mono_meme_format.meme	ZSC22_HUMAN.H11MO.0.C		RGKCWGAGGGMGGAGG	9.40e-53	5.57e-49	2.24e-46	5928	22650	22650	22650	1.57	3314	14.63	2251	9.94
37	db/HUMAN/HOCOMOCOv11_core_HUMAN_mono_meme_format.meme	FOXO1_HUMAN.H11MO.0.A		KBBYTGTTTHCN	4.61e-53	6.48e-49	2.61e-46	14050	22650	22650	22650	1.09	7624	33.66	6128	27.06
38	db/HUMAN/HOCOMOCOv11_core_HUMAN_mono_meme_format.meme	SUH_HUMAN.H11MO.0.A		VSYSTGGGAAV	9.10e-53	1.11e-48	4.46e-46	12188	22650	22650	22650	1.32	6044	26.68	4666	20.60
39	db/HUMAN/HOCOMOCOv11_core_HUMAN_mono_meme_format.meme	ETS1_HUMAN.H11MO.0.A		RRRCMGGAAGTGG	2.14e-52	1.18e-48	4.74e-46	5510	22650	22650	22650	1.23	3162	13.96	2126	9.39
40	db/HUMAN/HOCOMOCOv11_core_HUMAN_mono_meme_format.meme	SNAI1_HUMAN.H11MO.0.C		SCAGGTGK	2.98e-52	1.25e-48	5.02e-46	4194	22650	22650	22650	45.3	849	3.75	340	1.50
41	db/HUMAN/HOCOMOCOv11_core_HUMAN_mono_meme_format.meme	NDF2_HUMAN.H11MO.0.B		RRCAGATGG	2.87e-52	2.18e-48	8.78e-46	7615	22650	22650	22650	1.15	4261	18.81	3073	13.57
42	db/HUMAN/HOCOMOCOv11_core_HUMAN_mono_meme_format.meme	IRF1_HUMAN.H11MO.0.A		RAAANWGAAASTGAAASYRR	9.63e-52	3.24e-48	1.30e-45	3362	22650	22650	22650	1.61	2097	9.26	1259	5.56
43	db/HUMAN/HOCOMOCOv11_core_HUMAN_mono_meme_format.meme	TFDP1_HUMAN.H11MO.0.C		RRRRGGCGGGAARN	8.21e-52	7.31e-48	2.94e-45	8895	22650	22650	22650	1.28	4805	21.21	3559	15.71
44	db/HUMAN/HOCOMOCOv11_core_HUMAN_mono_meme_format.meme	ZN770_HUMAN.H11MO.0.C		GGGAGGCYGAGGBRGGAGGATC	1.58e-50	6.69e-47	2.69e-44	4224	22650	22650	22650	2.05e+04	165	0.73	0	0.00
45	db/HUMAN/HOCOMOCOv11_core_HUMAN_mono_meme_format.meme	KLF6_HUMAN.H11MO.0.A		GSRRGGGHGGGGMHGGGRV	2.42e-50	2.63e-46	1.06e-43	10879	22650	22650	22650	16.4	2139	9.44	1303	5.75
46	db/HUMAN/HOCOMOCOv11_core_HUMAN_mono_meme_format.meme	ZN467_HUMAN.H11MO.0.C		GGGGAGGGGRRGGRGRRGGRRR	1.89e-49	9.12e-46	3.67e-43	4812	22650	22650	22650	3.86	2557	11.29	1649	7.28
47	db/HUMAN/HOCOMOCOv11_core_HUMAN_mono_meme_format.meme	MAX_HUMAN.H11MO.0.A		VRGCACGTGG	2.39e-49	1.51e-45	6.09e-43	6323	22650	22650	22650	4.38	1379	6.09	724	3.20
48	db/HUMAN/HOCOMOCOv11_core_HUMAN_mono_meme_format.meme	NFAC4_HUMAN.H11MO.0.C		WGGAAAAYTW	2.40e-49	2.25e-45	9.05e-43	9381	22650	22650	22650	1.08	5294	23.37	4028	17.78
49	db/HUMAN/HOCOMOCOv11_core_HUMAN_mono_meme_format.meme	E2F3_HUMAN.H11MO.0.A		DDGGCGGGAAA	6.66e-49	8.37e-45	3.36e-42	12557	22650	22650	22650	1.14	6761	29.85	5380	23.75
50	db/HUMAN/HOCOMOCOv11_core_HUMAN_mono_meme_format.meme	OLIG2_HUMAN.H11MO.0.B		CCAKCTGYTYYYYWBCHB	2.00e-48	1.98e-44	7.97e-42	9919	22650	22650	22650	1.21	5595	24.70	4313	19.04
51	db/HUMAN/HOCOMOCOv11_core_HUMAN_mono_meme_format.meme	EGR2_HUMAN.H11MO.0.A		GRGRRKGWGKGGGHGGRG	3.29e-48	2.87e-44	1.16e-41	8740	22650	22650	22650	9.25	2214	9.77	1380	6.09
52	db/HUMAN/HOCOMOCOv11_core_HUMAN_mono_meme_format.meme	HTF4_HUMAN.H11MO.0.A		DSCAGSTGKG	1.56e-47	1.88e-43	7.57e-41	12056	22650	22650	22650	1.54	5593	24.69	4323	19.09
53	db/HUMAN/HOCOMOCOv11_core_HUMAN_mono_meme_format.meme	ELF3_HUMAN.H11MO.0.A		RAABVAGGAAGTRR	3.42e-46	1.60e-42	6.44e-40	4678	22650	22650	22650	1.21	2741	12.10	1831	8.08
54	db/HUMAN/HOCOMOCOv11_core_HUMAN_mono_meme_format.meme	ASCL1_HUMAN.H11MO.0.A		CHVCASCTGCYBYY	3.15e-46	2.11e-42	8.49e-40	6709	22650	22650	22650	1.59	3359	14.83	2355	10.40
55	db/HUMAN/HOCOMOCOv11_core_HUMAN_mono_meme_format.meme	NFAC3_HUMAN.H11MO.0.B		TGGAAAAHY	8.15e-46	6.56e-42	2.64e-39	8046	22650	22650	22650	1.06	4597	20.30	3446	15.21
56	db/HUMAN/HOCOMOCOv11_core_HUMAN_mono_meme_format.meme	NDF1_HUMAN.H11MO.0.A		RRCAGATGGY	2.15e-45	1.01e-41	4.08e-39	4724	22650	22650	22650	1.51	2528	11.16	1661	7.33
57	db/HUMAN/HOCOMOCOv11_core_HUMAN_mono_meme_format.meme	ETV2_HUMAN.H11MO.0.B		RRARRCAGGAARYRGS	2.11e-44	7.60e-41	3.06e-38	3608	22650	22650	22650	1.24	2201	9.72	1401	6.19
58	db/HUMAN/HOCOMOCOv11_core_HUMAN_mono_meme_format.meme	TBX21_HUMAN.H11MO.0.A		GDGDRGGTGTGRV	1.89e-44	3.10e-40	1.25e-37	16385	22650	22650	22650	1.07	8889	39.25	7464	32.95
59	db/HUMAN/HOCOMOCOv11_core_HUMAN_mono_meme_format.meme	PATZ1_HUMAN.H11MO.0.C		GGGGMGGGGGMKGGRRVGGVRG	6.83e-44	6.43e-40	2.59e-37	9423	22650	22650	22650	12.8	2666	11.77	1790	7.90
60	db/HUMAN/HOCOMOCOv11_core_HUMAN_mono_meme_format.meme	MXI1_HUMAN.H11MO.0.A		VCACGTGGSNGSBGS	2.62e-43	1.98e-39	7.96e-37	7551	22650	22650	22650	1.32	3978	17.56	2927	12.92
61	db/HUMAN/HOCOMOCOv11_core_HUMAN_mono_meme_format.meme	TBX3_HUMAN.H11MO.0.C		DRAGGTGBSAR	1.47e-43	2.33e-39	9.37e-37	15903	22650	22650	22650	2.65	4659	20.57	3530	15.58
62	db/HUMAN/HOCOMOCOv11_core_HUMAN_mono_meme_format.meme	ATOH1_HUMAN.H11MO.0.B		RRCAGMTGG	1.48e-40	8.58e-37	3.45e-34	5789	22650	22650	22650	1.24	3216	14.20	2293	10.12
63	db/HUMAN/HOCOMOCOv11_core_HUMAN_mono_meme_format.meme	ZN394_HUMAN.H11MO.0.C		NRARWRGAAWNGAMWGRAAK	3.29e-39	4.57e-35	1.84e-32	13877	22650	22650	22650	9.62	1851	8.17	1161	5.13
64	db/HUMAN/HOCOMOCOv11_core_HUMAN_mono_meme_format.meme	GABPA_HUMAN.H11MO.0.A		GVVRCCGGAAGTGV	3.04e-38	1.00e-34	4.04e-32	3307	22650	22650	22650	1.16	2007	8.86	1296	5.72
65	db/HUMAN/HOCOMOCOv11_core_HUMAN_mono_meme_format.meme	ELF2_HUMAN.H11MO.0.C		RAVCCGGAAGTGR	2.54e-38	1.25e-34	5.03e-32	4923	22650	22650	22650	1.14	2860	12.63	2011	8.88
66	db/HUMAN/HOCOMOCOv11_core_HUMAN_mono_meme_format.meme	EGR1_HUMAN.H11MO.0.A		VDRDGCGKGGGYGGRRR	1.40e-38	1.28e-34	5.16e-32	9163	22650	22650	22650	3.62	3113	13.74	2226	9.83
67	db/HUMAN/HOCOMOCOv11_core_HUMAN_mono_meme_format.meme	ELF1_HUMAN.H11MO.0.A		VRACCCGGAAGTGS	9.46e-38	3.65e-34	1.47e-31	3855	22650	22650	22650	1.19	2299	10.15	1542	6.81
68	db/HUMAN/HOCOMOCOv11_core_HUMAN_mono_meme_format.meme	E2F1_HUMAN.H11MO.0.A		RRNKGGCGGGAARR	2.42e-37	1.74e-33	7.00e-31	7186	22650	22650	22650	1.31	3827	16.90	2867	12.66
69	db/HUMAN/HOCOMOCOv11_core_HUMAN_mono_meme_format.meme	ANDR_HUMAN.H11MO.0.A		TGTTCTTKKYTGTTTRYW	3.36e-37	2.34e-33	9.40e-31	6954	22650	22650	22650	3.98	2140	9.45	1415	6.25
70	db/HUMAN/HOCOMOCOv11_core_HUMAN_mono_meme_format.meme	MYC_HUMAN.H11MO.0.A		RCCACGTGCTB	8.37e-37	3.39e-33	1.36e-30	4049	22650	22650	22650	1.12	2356	10.40	1599	7.06
71	db/HUMAN/HOCOMOCOv11_core_HUMAN_mono_meme_format.meme	EHF_HUMAN.H11MO.0.B		VWACSAGGAAGTDVS	3.19e-36	1.04e-32	4.16e-30	3249	22650	22650	22650	1.19	1963	8.67	1278	5.64
72	db/HUMAN/HOCOMOCOv11_core_HUMAN_mono_meme_format.meme	SMCA1_HUMAN.H11MO.0.C		CMARGAAGMATD	1.53e-36	1.82e-32	7.30e-30	11836	22650	22650	22650	1.72	4856	21.44	3804	16.79
73	db/HUMAN/HOCOMOCOv11_core_HUMAN_mono_meme_format.meme	ZFP28_HUMAN.H11MO.0.C		TTCTATTTCTTCTTGWGTCA	1.27e-35	2.13e-32	8.55e-30	1678	22650	22650	22650	2.56	1087	4.80	591	2.61
74	db/HUMAN/HOCOMOCOv11_core_HUMAN_mono_meme_format.meme	ZN121_HUMAN.H11MO.0.C		CTGGGCAACABAGYRAGACC	5.92e-35	3.40e-32	1.37e-29	575	22650	22650	22650	565	129	0.57	3	0.01
75	db/HUMAN/HOCOMOCOv11_core_HUMAN_mono_meme_format.meme	PRDM1_HUMAN.H11MO.0.A		RAAAGTGAAAGTGR	8.29e-36	4.99e-32	2.01e-29	6021	22650	22650	22650	1.22	3450	15.23	2553	11.27
76	db/HUMAN/HOCOMOCOv11_core_HUMAN_mono_meme_format.meme	IRF2_HUMAN.H11MO.0.A		RAAAVHGAAAGTGAAASTRV	8.33e-33	1.68e-29	6.77e-27	2023	22650	22650	22650	1.73	1271	5.61	751	3.32
77	db/HUMAN/HOCOMOCOv11_core_HUMAN_mono_meme_format.meme	SOX4_HUMAN.H11MO.0.B		BYCTTTGTYYYB	1.97e-33	2.16e-29	8.67e-27	10951	22650	22650	22650	2.38	3938	17.39	3018	13.32
78	db/HUMAN/HOCOMOCOv11_core_HUMAN_mono_meme_format.meme	KLF3_HUMAN.H11MO.0.B		GGRGVDGGGCGGGGCYGGG	4.30e-33	2.87e-29	1.15e-26	6670	22650	22650	22650	164	513	2.26	201	0.89
79	db/HUMAN/HOCOMOCOv11_core_HUMAN_mono_meme_format.meme	PTF1A_HUMAN.H11MO.0.B		SCAGCTGBYBBYBYYCHC	5.93e-33	4.93e-29	1.98e-26	8325	22650	22650	22650	1.24	4653	20.54	3672	16.21
80	db/HUMAN/HOCOMOCOv11_core_HUMAN_mono_meme_format.meme	OSR2_HUMAN.H11MO.0.C		GBYSCWGCTNCTGYDG	1.93e-32	1.73e-28	6.97e-26	8987	22650	22650	22650	1.93	3858	17.03	2960	13.07
81	db/HUMAN/HOCOMOCOv11_core_HUMAN_mono_meme_format.meme	GATA3_HUMAN.H11MO.0.A		RVAGATAAVAD	1.80e-32	2.00e-28	8.03e-26	11090	22650	22650	22650	1.87	4377	19.32	3428	15.13
82	db/HUMAN/HOCOMOCOv11_core_HUMAN_mono_meme_format.meme	NR4A1_HUMAN.H11MO.0.A		AAAGGKCAV	4.86e-32	8.36e-28	3.36e-25	17208	22650	22650	22650	1.5	6685	29.51	5576	24.62
83	db/HUMAN/HOCOMOCOv11_core_HUMAN_mono_meme_format.meme	FEZF1_HUMAN.H11MO.0.C		DYTGYYCTTTTH	2.84e-31	3.75e-27	1.51e-24	13202	22650	22650	22650	1.14	6946	30.67	5837	25.77
84	db/HUMAN/HOCOMOCOv11_core_HUMAN_mono_meme_format.meme	FOXP2_HUMAN.H11MO.0.C		BTGTTTACH	2.11e-30	1.78e-26	7.17e-24	8444	22650	22650	22650	1.14	4459	19.69	3534	15.60
85	db/HUMAN/HOCOMOCOv11_core_HUMAN_mono_meme_format.meme	IRF8_HUMAN.H11MO.0.B		RAAARRGGAASTGAAASTDR	6.39e-30	1.88e-26	7.55e-24	2939	22650	22650	22650	1.59	1750	7.73	1161	5.13
86	db/HUMAN/HOCOMOCOv11_core_HUMAN_mono_meme_format.meme	MYOG_HUMAN.H11MO.0.B		CHSCAGCTGYYYB	2.22e-29	1.03e-25	4.15e-23	4639	22650	22650	22650	1.15	2658	11.74	1939	8.56
87	db/HUMAN/HOCOMOCOv11_core_HUMAN_mono_meme_format.meme	IKZF1_HUMAN.H11MO.0.C		BTGGGARR	1.91e-28	2.87e-24	1.15e-21	15007	22650	22650	22650	6.86	2405	10.62	1731	7.64
88	db/HUMAN/HOCOMOCOv11_core_HUMAN_mono_meme_format.meme	ZIC3_HUMAN.H11MO.0.B		GGCYHCCTGCTGWGH	5.28e-28	3.46e-24	1.39e-21	6558	22650	22650	22650	3.1	2414	10.66	1744	7.70
89	db/HUMAN/HOCOMOCOv11_core_HUMAN_mono_meme_format.meme	IRF7_HUMAN.H11MO.0.C		GAAASYGAAA	3.32e-28	3.67e-24	1.48e-21	11082	22650	22650	22650	1.13	5904	26.07	4910	21.68
90	db/HUMAN/HOCOMOCOv11_core_HUMAN_mono_meme_format.meme	IRF4_HUMAN.H11MO.0.A		RAAWGRGGAASTGAAASY	2.24e-27	7.85e-24	3.16e-21	3498	22650	22650	22650	1.44	2043	9.02	1433	6.33
91	db/HUMAN/HOCOMOCOv11_core_HUMAN_mono_meme_format.meme	LEF1_HUMAN.H11MO.0.A		BCCTTTSWWNTBYH	8.01e-28	1.45e-23	5.84e-21	18148	22650	22650	22650	2.38	5406	23.87	4451	19.65
92	db/HUMAN/HOCOMOCOv11_core_HUMAN_mono_meme_format.meme	KLF8_HUMAN.H11MO.0.C		CAGGGKGTG	2.34e-26	1.15e-22	4.63e-20	4931	22650	22650	22650	34.7	548	2.42	254	1.12
93	db/HUMAN/HOCOMOCOv11_core_HUMAN_mono_meme_format.meme	MYF6_HUMAN.H11MO.0.C		CASCTGC	3.22e-26	1.96e-22	7.87e-20	6074	22650	22650	22650	1.38	3267	14.42	2519	11.12
94	db/HUMAN/HOCOMOCOv11_core_HUMAN_mono_meme_format.meme	FOXJ3_HUMAN.H11MO.0.A		TTGTTTATKKTTW	1.04e-25	2.77e-22	1.11e-19	2661	22650	22650	22650	1.8	1415	6.25	925	4.08
95	db/HUMAN/HOCOMOCOv11_core_HUMAN_mono_meme_format.meme	FOXJ2_HUMAN.H11MO.0.C		TGTTTRTTTW	8.36e-26	4.16e-22	1.67e-19	4977	22650	22650	22650	7.09	1477	6.52	975	4.30
96	db/HUMAN/HOCOMOCOv11_core_HUMAN_mono_meme_format.meme	ZN582_HUMAN.H11MO.0.C		SGAATGSANTBGRMTGSAAKCAWC	1.55e-24	6.51e-22	2.62e-19	421	22650	22650	22650	658	79	0.35	0	0.00
97	db/HUMAN/HOCOMOCOv11_core_HUMAN_mono_meme_format.meme	SOX2_HUMAN.H11MO.0.A		BBCCTTTGTYYYB	1.57e-25	1.67e-21	6.70e-19	10590	22650	22650	22650	1.45	5016	22.15	4129	18.23
98	db/HUMAN/HOCOMOCOv11_core_HUMAN_mono_meme_format.meme	KLF1_HUMAN.H11MO.0.A		DGGGYGKGGCYGGG	6.94e-25	4.03e-21	1.62e-18	5811	22650	22650	22650	7.95	1582	6.98	1071	4.73
99	db/HUMAN/HOCOMOCOv11_core_HUMAN_mono_meme_format.meme	ZN502_HUMAN.H11MO.0.C		GAATGGAATSGAATGGAATC	9.99e-23	1.31e-20	5.26e-18	131	22650	22650	22650	3.01e+04	73	0.32	0	0.00
100	db/HUMAN/HOCOMOCOv11_core_HUMAN_mono_meme_format.meme	KLF5_HUMAN.H11MO.0.A		WGGGTGKGGCDGGG	2.02e-24	1.76e-20	7.07e-18	8686	22650	22650	22650	8.78	1828	8.07	1283	5.66
101	db/HUMAN/HOCOMOCOv11_core_HUMAN_mono_meme_format.meme	SP1_HUMAN.H11MO.0.A		VGGGGGCGGGGCCKGGGGGGGG	8.82e-24	1.81e-20	7.26e-18	2049	22650	22650	22650	56.5	573	2.53	285	1.26
102	db/HUMAN/HOCOMOCOv11_core_HUMAN_mono_meme_format.meme	Z354A_HUMAN.H11MO.0.C		RTTTARWYCATTTACATTTAATGT	1.19e-23	4.21e-20	1.69e-17	3535	22650	22650	22650	2.96	1978	8.73	1420	6.27
103	db/HUMAN/HOCOMOCOv11_core_HUMAN_mono_meme_format.meme	ZN418_HUMAN.H11MO.0.C		TGCTTYTRGCYTCTKVY	7.21e-24	4.54e-20	1.83e-17	6297	22650	22650	22650	1.28	3517	15.53	2780	12.27
104	db/HUMAN/HOCOMOCOv11_core_HUMAN_mono_meme_format.meme	MYCN_HUMAN.H11MO.0.A		RGCCACGTGSDS	1.29e-23	5.39e-20	2.17e-17	4185	22650	22650	22650	1.14	2358	10.41	1750	7.73
105	db/HUMAN/HOCOMOCOv11_core_HUMAN_mono_meme_format.meme	SP2_HUMAN.H11MO.0.A		GGSSVGGGGGCGGGGCCDGSGS	8.45e-24	6.40e-20	2.57e-17	7574	22650	22650	22650	2.45	3980	17.57	3203	14.14
106	db/HUMAN/HOCOMOCOv11_core_HUMAN_mono_meme_format.meme	NR1H3_HUMAN.H11MO.0.B		CHRRGGTYACTNNAGGTCA	9.95e-24	7.07e-20	2.84e-17	7099	22650	22650	22650	3.43	1874	8.27	1330	5.87
107	db/HUMAN/HOCOMOCOv11_core_HUMAN_mono_meme_format.meme	SRY_HUMAN.H11MO.0.B		YWTTGTTTH	6.42e-24	9.80e-20	3.94e-17	15255	22650	22650	22650	47.3	91	0.40	3	0.01
108	db/HUMAN/HOCOMOCOv11_core_HUMAN_mono_meme_format.meme	ZN281_HUMAN.H11MO.0.A		RGGWGGGGGAGGGGV	2.81e-23	1.43e-19	5.76e-17	5097	22650	22650	22650	1.67	2673	11.80	2032	8.97
109	db/HUMAN/HOCOMOCOv11_core_HUMAN_mono_meme_format.meme	ETV1_HUMAN.H11MO.0.A		SRCCGGAAGYG	4.08e-23	1.75e-19	7.04e-17	4288	22650	22650	22650	2.02	1847	8.15	1314	5.80
110	db/HUMAN/HOCOMOCOv11_core_HUMAN_mono_meme_format.meme	ZFP82_HUMAN.H11MO.0.C		TTCCADTTCAYTAATTYTCTCTTC	6.17e-23	2.01e-19	8.09e-17	3260	22650	22650	22650	8.48	1056	4.66	659	2.91
111	db/HUMAN/HOCOMOCOv11_core_HUMAN_mono_meme_format.meme	SP3_HUMAN.H11MO.0.B		SGVVGGGGGCGGGGCBRGSS	3.35e-23	3.19e-19	1.28e-16	9518	22650	22650	22650	137	803	3.55	459	2.03
112	db/HUMAN/HOCOMOCOv11_core_HUMAN_mono_meme_format.meme	RXRA_HUMAN.H11MO.0.A		VRGDVRGNVARAGGTCARRG	3.83e-23	4.78e-19	1.92e-16	12478	22650	22650	22650	1.89	5433	23.99	4564	20.15
113	db/HUMAN/HOCOMOCOv11_core_HUMAN_mono_meme_format.meme	FOXO3_HUMAN.H11MO.0.B		BYTGTTTACH	7.37e-23	4.80e-19	1.93e-16	6511	22650	22650	22650	1.06	3620	15.98	2890	12.76
114	db/HUMAN/HOCOMOCOv11_core_HUMAN_mono_meme_format.meme	KLF12_HUMAN.H11MO.0.C		VGGGGCGGGGC	1.43e-22	6.89e-19	2.77e-16	4832	22650	22650	22650	113	328	1.45	125	0.55
115	db/HUMAN/HOCOMOCOv11_core_HUMAN_mono_meme_format.meme	SNAI2_HUMAN.H11MO.0.A		RRCAGGTGCN	5.12e-22	9.90e-19	3.98e-16	1932	22650	22650	22650	10.1	923	4.08	561	2.48
116	db/HUMAN/HOCOMOCOv11_core_HUMAN_mono_meme_format.meme	ZN563_HUMAN.H11MO.0.C		RGGNTCMTNDCHGGCAGCTGY	1.56e-22	1.43e-18	5.74e-16	9146	22650	22650	22650	1.5	4823	21.29	4005	17.68
117	db/HUMAN/HOCOMOCOv11_core_HUMAN_mono_meme_format.meme	STAT4_HUMAN.H11MO.0.A		YTTCYYRGMAV	3.21e-22	2.75e-18	1.11e-15	8575	22650	22650	22650	1.07	4677	20.65	3875	17.11
118	db/HUMAN/HOCOMOCOv11_core_HUMAN_mono_meme_format.meme	MYOD1_HUMAN.H11MO.0.A		VCAGCTGYYBCYGBC	1.02e-21	4.40e-18	1.77e-15	4325	22650	22650	22650	1.55	2206	9.74	1642	7.25
119	db/HUMAN/HOCOMOCOv11_core_HUMAN_mono_meme_format.meme	SALL4_HUMAN.H11MO.0.B		GSDGGGWGGG	1.48e-21	2.15e-17	8.64e-15	14532	22650	22650	22650	1.07	7736	34.15	6795	30.00
120	db/HUMAN/HOCOMOCOv11_core_HUMAN_mono_meme_format.meme	ZEB1_HUMAN.H11MO.0.A		BVCAGGTGWG	5.71e-21	5.84e-17	2.35e-14	10233	22650	22650	22650	1.23	5067	22.37	4264	18.83
121	db/HUMAN/HOCOMOCOv11_core_HUMAN_mono_meme_format.meme	SPI1_HUMAN.H11MO.0.A		RRAAAGAGGAAGTGRVD	2.38e-20	7.73e-17	3.11e-14	3254	22650	22650	22650	1.38	1879	8.30	1375	6.07
122	db/HUMAN/HOCOMOCOv11_core_HUMAN_mono_meme_format.meme	MEF2B_HUMAN.H11MO.0.A		DKKKCTATTTTTRG	1.38e-20	1.24e-16	4.99e-14	9015	22650	22650	22650	1.82	3678	16.24	2982	13.17
123	db/HUMAN/HOCOMOCOv11_core_HUMAN_mono_meme_format.meme	MEF2C_HUMAN.H11MO.0.A		DKCTATTTTTRGM	2.09e-20	1.48e-16	5.93e-14	7047	22650	22650	22650	1.23	3681	16.25	2988	13.19
124	db/HUMAN/HOCOMOCOv11_core_HUMAN_mono_meme_format.meme	PO2F1_HUMAN.H11MO.0.C		AWKBRWATGSAAWYAW	2.59e-20	1.56e-16	6.29e-14	6041	22650	22650	22650	697	65	0.29	0	0.00
125	db/HUMAN/HOCOMOCOv11_core_HUMAN_mono_meme_format.meme	FOXM1_HUMAN.H11MO.0.A		TGTTTRCTYWKB	2.30e-20	2.43e-16	9.79e-14	10597	22650	22650	22650	3.46	2379	10.50	1813	8.00
126	db/HUMAN/HOCOMOCOv11_core_HUMAN_mono_meme_format.meme	SMCA5_HUMAN.H11MO.0.C		GAATBGAATGGAAWC	1.28e-19	5.74e-16	2.31e-13	4469	22650	22650	22650	872	76	0.34	3	0.01
127	db/HUMAN/HOCOMOCOv11_core_HUMAN_mono_meme_format.meme	PAX5_HUMAN.H11MO.0.A		SCSKGGGCARCVRAGCGWGAC	5.98e-19	2.00e-15	8.03e-13	3343	22650	22650	22650	200	150	0.66	34	0.15
128	db/HUMAN/HOCOMOCOv11_core_HUMAN_mono_meme_format.meme	KLF4_HUMAN.H11MO.0.A		WGGGYGKGGC	2.47e-18	1.41e-14	5.65e-12	5688	22650	22650	22650	17.8	798	3.52	492	2.17
129	db/HUMAN/HOCOMOCOv11_core_HUMAN_mono_meme_format.meme	FOXA1_HUMAN.H11MO.0.A		TGTTTACWYWGB	1.38e-17	6.76e-14	2.72e-11	4889	22650	22650	22650	1.5	2367	10.45	1844	8.14
130	db/HUMAN/HOCOMOCOv11_core_HUMAN_mono_meme_format.meme	SOX3_HUMAN.H11MO.0.B		BCCWTTGTBYB	1.74e-17	1.42e-13	5.70e-11	8159	22650	22650	22650	1.07	4423	19.53	3733	16.48
131	db/HUMAN/HOCOMOCOv11_core_HUMAN_mono_meme_format.meme	MEF2A_HUMAN.H11MO.0.A		DKCTATTTTTRGM	3.15e-17	2.23e-13	8.95e-11	7056	22650	22650	22650	3.97	1843	8.14	1385	6.11
132	db/HUMAN/HOCOMOCOv11_core_HUMAN_mono_meme_format.meme	STAT3_HUMAN.H11MO.0.A		SAYTTCCMRGAA	3.73e-16	2.11e-12	8.49e-10	5667	22650	22650	22650	4.52	1224	5.40	864	3.81
133	db/HUMAN/HOCOMOCOv11_core_HUMAN_mono_meme_format.meme	ZFP42_HUMAN.H11MO.0.A		GGCMGCCATTTT	7.70e-16	3.15e-12	1.27e-9	4088	22650	22650	22650	1.27	2155	9.51	1682	7.43
134	db/HUMAN/HOCOMOCOv11_core_HUMAN_mono_meme_format.meme	ZBT18_HUMAN.H11MO.0.C		KCCAGMTGTKB	8.41e-16	6.70e-12	2.69e-9	7963	22650	22650	22650	1.24	3995	17.64	3369	14.87
135	db/HUMAN/HOCOMOCOv11_core_HUMAN_mono_meme_format.meme	TYY1_HUMAN.H11MO.0.A		CAARATGGCGGC	6.40e-15	7.36e-12	2.96e-9	1150	22650	22650	22650	1.21	704	3.11	446	1.97
136	db/HUMAN/HOCOMOCOv11_core_HUMAN_mono_meme_format.meme	STA5B_HUMAN.H11MO.0.A		YTTCYKRGAAAY	5.48e-15	3.42e-11	1.37e-8	6237	22650	22650	22650	1.1	3397	15.00	2830	12.49
137	db/HUMAN/HOCOMOCOv11_core_HUMAN_mono_meme_format.meme	RUNX1_HUMAN.H11MO.0.A		BYTGTGGTTWB	2.46e-14	1.34e-10	5.39e-8	5441	22650	22650	22650	1.12	2920	12.89	2403	10.61
138	db/HUMAN/HOCOMOCOv11_core_HUMAN_mono_meme_format.meme	ZIM3_HUMAN.H11MO.0.C		KTRGGTTTCTGTTKYYTKY	8.96e-14	1.40e-10	5.61e-8	1558	22650	22650	22650	2.06	816	3.60	548	2.42
139	db/HUMAN/HOCOMOCOv11_core_HUMAN_mono_meme_format.meme	HSF1_HUMAN.H11MO.0.A		BRGAANSTTCYRGAA	1.15e-13	2.99e-10	1.20e-7	2592	22650	22650	22650	42	197	0.87	77	0.34
140	db/HUMAN/HOCOMOCOv11_core_HUMAN_mono_meme_format.meme	KLF9_HUMAN.H11MO.0.C		GRRGKGGGCGTGGCC	1.18e-13	3.14e-10	1.26e-7	2661	22650	22650	22650	2.32	1256	5.55	922	4.07
141	db/HUMAN/HOCOMOCOv11_core_HUMAN_mono_meme_format.meme	ELK1_HUMAN.H11MO.0.B		RCCGGAAGTGV	1.44e-13	4.13e-10	1.66e-7	2864	22650	22650	22650	1.63	1257	5.55	924	4.08
142	db/HUMAN/HOCOMOCOv11_core_HUMAN_mono_meme_format.meme	COT1_HUMAN.H11MO.0.C		GRGGKSARAGGTCAGGG	5.54e-14	4.98e-10	2.00e-7	8989	22650	22650	22650	3.51	2760	12.19	2263	9.99
143	db/HUMAN/HOCOMOCOv11_core_HUMAN_mono_meme_format.meme	TWST1_HUMAN.H11MO.0.A		MCATCTGKWWYYMATTA	1.79e-13	5.66e-10	2.28e-7	3171	22650	22650	22650	1.59	1611	7.11	1235	5.45
144	db/HUMAN/HOCOMOCOv11_core_HUMAN_mono_meme_format.meme	ZN350_HUMAN.H11MO.0.C		CAGYYYTTTTATDWCCHR	7.18e-14	7.95e-10	3.19e-7	11064	22650	22650	22650	1.89	4428	19.55	3820	16.87
145	db/HUMAN/HOCOMOCOv11_core_HUMAN_mono_meme_format.meme	ZBT14_HUMAN.H11MO.0.C		GGAGCGCGC	2.93e-13	8.48e-10	3.41e-7	2891	22650	22650	22650	1.31	1486	6.56	1128	4.98
146	db/HUMAN/HOCOMOCOv11_core_HUMAN_mono_meme_format.meme	EPAS1_HUMAN.H11MO.0.B		VTACGTGMC	5.61e-13	1.48e-9	5.94e-7	2634	22650	22650	22650	1.12	1421	6.27	1075	4.75
147	db/HUMAN/HOCOMOCOv11_core_HUMAN_mono_meme_format.meme	MEF2D_HUMAN.H11MO.0.A		DKCTATTTTTAG	6.00e-13	2.86e-9	1.15e-6	4768	22650	22650	22650	17.9	437	1.93	252	1.11
148	db/HUMAN/HOCOMOCOv11_core_HUMAN_mono_meme_format.meme	FOXA2_HUMAN.H11MO.0.A		TGTTTACWYWGB	1.07e-12	4.45e-9	1.79e-6	4176	22650	22650	22650	2	1738	7.67	1360	6.00
149	db/HUMAN/HOCOMOCOv11_core_HUMAN_mono_meme_format.meme	SMAD2_HUMAN.H11MO.0.A		TGTCTGNCWCCT	4.74e-13	5.01e-9	2.02e-6	10583	22650	22650	22650	1.67	4306	19.01	3725	16.45
150	db/HUMAN/HOCOMOCOv11_core_HUMAN_mono_meme_format.meme	TEAD1_HUMAN.H11MO.0.A		RCATTCCWGSCW	1.57e-12	9.15e-9	3.68e-6	5832	22650	22650	22650	3.01	1634	7.21	1270	5.61
151	db/HUMAN/HOCOMOCOv11_core_HUMAN_mono_meme_format.meme	SPIB_HUMAN.H11MO.0.A		RRAAAGAGGAAGTGARA	5.07e-12	9.93e-9	3.99e-6	1960	22650	22650	22650	2	997	4.40	720	3.18
152	db/HUMAN/HOCOMOCOv11_core_HUMAN_mono_meme_format.meme	STA5A_HUMAN.H11MO.0.A		TTCYRRGAAR	3.45e-12	1.41e-8	5.65e-6	4078	22650	22650	22650	7.22	742	3.28	503	2.22
153	db/HUMAN/HOCOMOCOv11_core_HUMAN_mono_meme_format.meme	STAT1_HUMAN.H11MO.0.A		YCCVTTTCCHGGAAAWCHC	6.39e-12	1.53e-8	6.16e-6	2397	22650	22650	22650	1.82	1190	5.25	888	3.92
154	db/HUMAN/HOCOMOCOv11_core_HUMAN_mono_meme_format.meme	STAT6_HUMAN.H11MO.0.B		TTCTSWGGAAR	4.00e-12	3.25e-8	1.31e-5	8141	22650	22650	22650	1.36	3782	16.70	3254	14.37
155	db/HUMAN/HOCOMOCOv11_core_HUMAN_mono_meme_format.meme	PO3F2_HUMAN.H11MO.0.A		YYCATGCATWTYCATTM	9.61e-12	4.86e-8	1.95e-5	5054	22650	22650	22650	1.3e+03	41	0.18	1	0.00
156	db/HUMAN/HOCOMOCOv11_core_HUMAN_mono_meme_format.meme	ZNF76_HUMAN.H11MO.0.C		RRKGCMTKCTGGGARWTGTAGT	2.59e-11	5.08e-8	2.04e-5	1963	22650	22650	22650	2.58	1048	4.63	773	3.41
157	db/HUMAN/HOCOMOCOv11_core_HUMAN_mono_meme_format.meme	NRF1_HUMAN.H11MO.0.A		CWSTGCGCATGCGCRDS	1.99e-10	1.96e-7	7.89e-5	986	22650	22650	22650	150	84	0.37	21	0.09
158	db/HUMAN/HOCOMOCOv11_core_HUMAN_mono_meme_format.meme	ZBTB6_HUMAN.H11MO.0.C		GGWGMTGGAGCCD	3.51e-11	2.00e-7	8.03e-5	5688	22650	22650	22650	1.17	3065	13.53	2605	11.50
159	db/HUMAN/HOCOMOCOv11_core_HUMAN_mono_meme_format.meme	TEAD4_HUMAN.H11MO.0.A		RCATTCCWGRVAK	3.72e-11	2.63e-7	1.06e-4	7067	22650	22650	22650	1.22	3499	15.45	3012	13.30
160	db/HUMAN/HOCOMOCOv11_core_HUMAN_mono_meme_format.meme	Z324A_HUMAN.H11MO.0.C		KVTCAAACCATCCTTKSCTKSCW	5.11e-11	2.98e-7	1.20e-4	5832	22650	22650	22650	2.86	2340	10.33	1937	8.55
161	db/HUMAN/HOCOMOCOv11_core_HUMAN_mono_meme_format.meme	ELK4_HUMAN.H11MO.0.A		SVCCGGAAGTGV	4.81e-10	1.34e-6	5.39e-4	2787	22650	22650	22650	1.2	1496	6.60	1188	5.25
162	db/HUMAN/HOCOMOCOv11_core_HUMAN_mono_meme_format.meme	TFAP4_HUMAN.H11MO.0.A		YCAGCTGWKB	4.11e-10	1.54e-6	6.18e-4	3734	22650	22650	22650	1.08	2045	9.03	1685	7.44
163	db/HUMAN/HOCOMOCOv11_core_HUMAN_mono_meme_format.meme	HIF1A_HUMAN.H11MO.0.C		GDACGTGM	4.37e-10	2.13e-6	8.58e-4	4879	22650	22650	22650	1.46	1855	8.19	1512	6.68
164	db/HUMAN/HOCOMOCOv11_core_HUMAN_mono_meme_format.meme	PRGR_HUMAN.H11MO.0.A		RGAACATTYTGTTCTB	5.64e-10	2.70e-6	1.08e-3	4783	22650	22650	22650	1.38	2397	10.58	2012	8.88
165	db/HUMAN/HOCOMOCOv11_core_HUMAN_mono_meme_format.meme	ZN143_HUMAN.H11MO.0.A		DGCMTKCTGGGARWTGTAGTYY	7.39e-9	4.47e-6	1.80e-3	604	22650	22650	22650	2.19e+03	27	0.12	0	0.00
166	db/HUMAN/HOCOMOCOv11_core_HUMAN_mono_meme_format.meme	PEBB_HUMAN.H11MO.0.C		TYTGTGGTYWB	6.46e-10	4.93e-6	1.98e-3	7631	22650	22650	22650	1.65	3110	13.73	2678	11.82
167	db/HUMAN/HOCOMOCOv11_core_HUMAN_mono_meme_format.meme	HEN1_HUMAN.H11MO.0.C		BGGGKMKCAGCTGCGKCCYY	4.47e-9	5.76e-6	2.31e-3	1289	22650	22650	22650	2.07	739	3.26	536	2.37
168	db/HUMAN/HOCOMOCOv11_core_HUMAN_mono_meme_format.meme	RUNX3_HUMAN.H11MO.0.A		BYTGTGGTTW	1.27e-9	6.47e-6	2.60e-3	5106	22650	22650	22650	1.09	2725	12.03	2325	10.26
169	db/HUMAN/HOCOMOCOv11_core_HUMAN_mono_meme_format.meme	PO2F2_HUMAN.H11MO.0.A		AYATGCAAATK	1.17e-9	7.66e-6	3.08e-3	6538	22650	22650	22650	2.75	1792	7.91	1463	6.46
170	db/HUMAN/HOCOMOCOv11_core_HUMAN_mono_meme_format.meme	BATF3_HUMAN.H11MO.0.B		BRSTTTCADTWTGASWM	1.63e-9	1.00e-5	4.03e-3	6130	22650	22650	22650	1.31	3133	13.83	2710	11.96
171	db/HUMAN/HOCOMOCOv11_core_HUMAN_mono_meme_format.meme	IRF9_HUMAN.H11MO.0.C		GAAAGCGAAAYT	6.08e-9	1.04e-5	4.17e-3	1707	22650	22650	22650	1.81	809	3.57	598	2.64
172	db/HUMAN/HOCOMOCOv11_core_HUMAN_mono_meme_format.meme	BMAL1_HUMAN.H11MO.0.A		KSCACGTGHSY	2.41e-9	1.10e-5	4.42e-3	4562	22650	22650	22650	41.2	105	0.46	36	0.16
173	db/HUMAN/HOCOMOCOv11_core_HUMAN_mono_meme_format.meme	CLOCK_HUMAN.H11MO.0.C		CWGHCACGTGMVVM	3.26e-9	3.52e-5	1.42e-2	10822	22650	22650	22650	4.1	1089	4.81	839	3.70
174	db/HUMAN/HOCOMOCOv11_core_HUMAN_mono_meme_format.meme	ZNF41_HUMAN.H11MO.0.C		MACAAGGRARTMARVCACCATGAG	2.94e-8	3.76e-5	1.51e-2	1278	22650	22650	22650	3.27	722	3.19	532	2.35
175	db/HUMAN/HOCOMOCOv11_core_HUMAN_mono_meme_format.meme	COT2_HUMAN.H11MO.0.A		CARAGGTCARRGD	6.61e-9	5.27e-5	2.12e-2	7975	22650	22650	22650	5	1589	7.02	1293	5.71
176	db/HUMAN/HOCOMOCOv11_core_HUMAN_mono_meme_format.meme	RFX5_HUMAN.H11MO.0.A		GTCABCWGTTGCYRGGSARA	1.59e-8	7.43e-5	2.99e-2	4666	22650	22650	22650	1.48	2487	10.98	2130	9.40
177	db/HUMAN/HOCOMOCOv11_core_HUMAN_mono_meme_format.meme	THA11_HUMAN.H11MO.0.B		KGCMTBCTGGGARTTGTAGTYY	2.30e-7	8.43e-5	3.39e-2	367	22650	22650	22650	1.4e+03	29	0.13	2	0.01
178	db/HUMAN/HOCOMOCOv11_core_HUMAN_mono_meme_format.meme	ZN274_HUMAN.H11MO.0.A		CAYACTGGAGAGAAACCCTA	6.67e-8	1.07e-4	4.28e-2	1599	22650	22650	22650	2.28	896	3.96	689	3.04
179	db/HUMAN/HOCOMOCOv11_core_HUMAN_mono_meme_format.meme	RUNX2_HUMAN.H11MO.0.A		KGKYTGTGGTTTKK	2.20e-8	1.53e-4	6.14e-2	6945	22650	22650	22650	1.95	2620	11.57	2258	9.97
180	db/HUMAN/HOCOMOCOv11_core_HUMAN_mono_meme_format.meme	SRBP2_HUMAN.H11MO.0.B		VSGTGGGGWGABG	1.54e-8	2.31e-4	9.27e-2	15004	22650	22650	22650	4.02	3033	13.39	2642	11.66
181	db/HUMAN/HOCOMOCOv11_core_HUMAN_mono_meme_format.meme	ZN768_HUMAN.H11MO.0.C		GAGGCHCAGAGAGGTTAAGT	2.61e-7	2.49e-4	1.00e-1	955	22650	22650	22650	259	70	0.31	22	0.10
182	db/HUMAN/HOCOMOCOv11_core_HUMAN_mono_meme_format.meme	HXB13_HUMAN.H11MO.0.A		TTTTATDGSH	5.32e-8	4.37e-4	1.76e-1	8224	22650	22650	22650	1.06	4330	19.12	3893	17.19
183	db/HUMAN/HOCOMOCOv11_core_HUMAN_mono_meme_format.meme	NANOG_HUMAN.H11MO.0.A		BYYWTTGWNATGCAAAT	8.01e-8	5.75e-4	2.31e-1	7180	22650	22650	22650	1.74	2984	13.17	2616	11.55
184	db/HUMAN/HOCOMOCOv11_core_HUMAN_mono_meme_format.meme	ZN214_HUMAN.H11MO.0.C		WCMWTYYTRWGSMHYTTGATGA	1.59e-7	6.20e-4	2.49e-1	3895	22650	22650	22650	173	83	0.37	29	0.13
185	db/HUMAN/HOCOMOCOv11_core_HUMAN_mono_meme_format.meme	ZSC31_HUMAN.H11MO.0.C		RGCAGCAGGGCARTTAKR	1.40e-7	6.85e-4	2.76e-1	4889	22650	22650	22650	1.59	2563	11.32	2226	9.83
186	db/HUMAN/HOCOMOCOv11_core_HUMAN_mono_meme_format.meme	AP2B_HUMAN.H11MO.0.B		GCCYGVGGGS	6.66e-8	7.93e-4	3.19e-1	11911	22650	22650	22650	1.07	6198	27.36	5703	25.18
187	db/HUMAN/HOCOMOCOv11_core_HUMAN_mono_meme_format.meme	HSF2_HUMAN.H11MO.0.A		VGAABRTTCTAGAA	1.56e-7	9.61e-4	3.86e-1	6165	22650	22650	22650	6.89	503	2.22	354	1.56
188	db/HUMAN/HOCOMOCOv11_core_HUMAN_mono_meme_format.meme	THA_HUMAN.H11MO.0.C		RGGTCABYTSAGGTCAK	1.07e-7	9.89e-4	3.97e-1	9222	22650	22650	22650	469	27	0.12	1	0.00
189	db/HUMAN/HOCOMOCOv11_core_HUMAN_mono_meme_format.meme	PO5F1_HUMAN.H11MO.0.A		CYWTTSWYATGCAAAT	2.50e-7	1.06e-3	4.25e-1	4228	22650	22650	22650	2.49	1464	6.46	1211	5.35
190	db/HUMAN/HOCOMOCOv11_core_HUMAN_mono_meme_format.meme	ZNF85_HUMAN.H11MO.0.C		AWAGAARWCTGMWGKAATCT	7.18e-7	1.70e-3	6.84e-1	2373	22650	22650	22650	24.2	232	1.02	139	0.61
191	db/HUMAN/HOCOMOCOv11_core_HUMAN_mono_meme_format.meme	GFI1B_HUMAN.H11MO.0.A		GCWSWGATTT	2.61e-7	1.96e-3	7.88e-1	7530	22650	22650	22650	17.8	414	1.83	282	1.25
192	db/HUMAN/HOCOMOCOv11_core_HUMAN_mono_meme_format.meme	MITF_HUMAN.H11MO.0.A		TCACGTGACC	1.25e-6	2.61e-3	1.05e0	2090	22650	22650	22650	1.22	1096	4.84	890	3.93
193	db/HUMAN/HOCOMOCOv11_core_HUMAN_mono_meme_format.meme	ATF3_HUMAN.H11MO.0.A		GGTSACGTGAB	9.28e-7	2.69e-3	1.08e0	2897	22650	22650	22650	15.7	142	0.63	72	0.32
194	db/HUMAN/HOCOMOCOv11_core_HUMAN_mono_meme_format.meme	ZN264_HUMAN.H11MO.0.C		YHTYAWAAGGRCACTAATCCCATY	1.88e-6	2.93e-3	1.18e0	1563	22650	22650	22650	14.3	243	1.07	151	0.67
195	db/HUMAN/HOCOMOCOv11_core_HUMAN_mono_meme_format.meme	HXA10_HUMAN.H11MO.0.C		KATRRTTTATGW	6.28e-7	3.19e-3	1.28e0	5096	22650	22650	22650	1.48	2347	10.36	2041	9.01
196	db/HUMAN/HOCOMOCOv11_core_HUMAN_mono_meme_format.meme	REL_HUMAN.H11MO.0.B		DRWRGGGRAATKCCA	4.48e-7	3.39e-3	1.36e0	7588	22650	22650	22650	1.18	3979	17.57	3588	15.84
197	db/HUMAN/HOCOMOCOv11_core_HUMAN_mono_meme_format.meme	FOXO4_HUMAN.H11MO.0.C		TTGTTTAYK	6.10e-7	3.67e-3	1.48e0	6031	22650	22650	22650	11.1	996	4.40	794	3.51
198	db/HUMAN/HOCOMOCOv11_core_HUMAN_mono_meme_format.meme	TFEB_HUMAN.H11MO.0.C		RGTCACGTG	2.05e-5	3.99e-3	1.60e0	195	22650	22650	22650	382	31	0.14	6	0.03
199	db/HUMAN/HOCOMOCOv11_core_HUMAN_mono_meme_format.meme	MZF1_HUMAN.H11MO.0.B		RRDRGGGAWTKRR	4.00e-7	4.19e-3	1.68e0	10496	22650	22650	22650	178	25	0.11	1	0.00
200	db/HUMAN/HOCOMOCOv11_core_HUMAN_mono_meme_format.meme	GFI1_HUMAN.H11MO.0.C		GCWSTGATTT	7.34e-7	4.58e-3	1.84e0	6250	22650	22650	22650	4.55	1357	5.99	1123	4.96
201	db/HUMAN/HOCOMOCOv11_core_HUMAN_mono_meme_format.meme	ZKSC1_HUMAN.H11MO.0.B		WGHRSMCCTACTRTGTGCH	2.74e-6	4.76e-3	1.91e0	1740	22650	22650	22650	311	43	0.19	10	0.04
202	db/HUMAN/HOCOMOCOv11_core_HUMAN_mono_meme_format.meme	HXA13_HUMAN.H11MO.0.C		GDTTTTATTGG	8.60e-7	5.20e-3	2.09e0	6065	22650	22650	22650	1.17	3068	13.55	2727	12.04
203	db/HUMAN/HOCOMOCOv11_core_HUMAN_mono_meme_format.meme	FOXA3_HUMAN.H11MO.0.B		CHTGTTTACWTWG	1.04e-6	5.58e-3	2.24e0	5371	22650	22650	22650	3.04	1534	6.77	1289	5.69
204	db/HUMAN/HOCOMOCOv11_core_HUMAN_mono_meme_format.meme	ZN140_HUMAN.H11MO.0.C		TATGAYCCAGCAATTCCRCTCCTW	1.44e-5	5.95e-3	2.39e0	414	22650	22650	22650	90.1	57	0.25	20	0.09
205	db/HUMAN/HOCOMOCOv11_core_HUMAN_mono_meme_format.meme	ZN708_HUMAN.H11MO.0.C		GCCTAATAARBAGGYACAGC	3.80e-6	5.98e-3	2.40e0	1578	22650	22650	22650	704	18	0.08	0	0.00
206	db/HUMAN/HOCOMOCOv11_core_HUMAN_mono_meme_format.meme	ARI5B_HUMAN.H11MO.0.C		DBYKDGTATTSKR	1.00e-6	6.84e-3	2.75e0	6833	22650	22650	22650	1.09	3576	15.79	3214	14.19
207	db/HUMAN/HOCOMOCOv11_core_HUMAN_mono_meme_format.meme	ATF2_HUMAN.H11MO.0.B		RRTGABGTCAY	1.90e-6	7.89e-3	3.17e0	4179	22650	22650	22650	3.51	926	4.09	740	3.27
208	db/HUMAN/HOCOMOCOv11_core_HUMAN_mono_meme_format.meme	MECP2_HUMAN.H11MO.0.C		SCCGGRR	2.40e-6	8.59e-3	3.45e0	3600	22650	22650	22650	7.28	1838	8.11	1580	6.98
209	db/HUMAN/HOCOMOCOv11_core_HUMAN_mono_meme_format.meme	ERR1_HUMAN.H11MO.0.A		BYCAAGGTCAMABWV	3.06e-6	8.71e-3	3.50e0	2860	22650	22650	22650	545	30	0.13	4	0.02
210	db/HUMAN/HOCOMOCOv11_core_HUMAN_mono_meme_format.meme	ZN257_HUMAN.H11MO.0.C		GMYCTTGCCTCW	1.92e-6	9.31e-3	3.74e0	4860	22650	22650	22650	1.31	2380	10.51	2086	9.21
211	db/HUMAN/HOCOMOCOv11_core_HUMAN_mono_meme_format.meme	USF2_HUMAN.H11MO.0.A		GGGTCACGTGRBSVSSSSB	9.92e-6	1.01e-2	4.05e0	1021	22650	22650	22650	10.2	195	0.86	119	0.53
212	db/HUMAN/HOCOMOCOv11_core_HUMAN_mono_meme_format.meme	THB_HUMAN.H11MO.0.C		GRSSYSASVTSAGGTCA	2.84e-6	1.03e-2	4.14e0	3642	22650	22650	22650	123	94	0.42	41	0.18
213	db/HUMAN/HOCOMOCOv11_core_HUMAN_mono_meme_format.meme	OVOL1_HUMAN.H11MO.0.C		KGTAACKGT	2.75e-6	1.04e-2	4.19e0	3806	22650	22650	22650	1.1	1986	8.77	1720	7.59
214	db/HUMAN/HOCOMOCOv11_core_HUMAN_mono_meme_format.meme	SIX2_HUMAN.H11MO.0.A		KGAAAYHTGAKMC	2.11e-6	1.38e-2	5.56e0	6583	22650	22650	22650	3.24	1510	6.67	1274	5.62
215	db/HUMAN/HOCOMOCOv11_core_HUMAN_mono_meme_format.meme	CREB1_HUMAN.H11MO.0.A		NRRTGACGTMA	5.25e-6	1.52e-2	6.12e0	2924	22650	22650	22650	1.23	1409	6.22	1190	5.25
216	db/HUMAN/HOCOMOCOv11_core_HUMAN_mono_meme_format.meme	USF1_HUMAN.H11MO.0.A		RGTCACGTGRBS	1.61e-5	1.53e-2	6.17e0	963	22650	22650	22650	35.2	80	0.35	35	0.15
217	db/HUMAN/HOCOMOCOv11_core_HUMAN_mono_meme_format.meme	ZNF18_HUMAN.H11MO.0.C		GGTGTGAACHSR	5.01e-6	1.88e-2	7.55e0	3782	22650	22650	22650	1.15	2006	8.86	1746	7.71
218	db/HUMAN/HOCOMOCOv11_core_HUMAN_mono_meme_format.meme	TFE3_HUMAN.H11MO.0.B		RGTCACGTGA	1.11e-5	1.95e-2	7.84e0	1771	22650	22650	22650	28.9	87	0.38	39	0.17

# AME (Analysis of Motif Enrichment): Version 5.0.5 compiled on Jul 15 2019 at 00:31:14
# The format of this file is described at http://meme-suite.org//doc/ame-output-format.html.
# ame --verbose 1 --oc . --scoring avg --method fisher --hit-lo-fraction 0.25 --evalue-report-threshold 10.0 --control --shuffle-- --kmer 2 100bp_region_CTCF_for_AME.fa db/HUMAN/HOCOMOCOv11_core_HUMAN_mono_meme_format.meme
